{"cameraMode":{"drawMode":0,"name":"Shaded","section":"Shading Mode"},"sceneLighting":false,"audioPlay":false,"sceneViewState":{"m_AlwaysRefresh":false,"showFog":true,"showSkybox":false,"showFlares":true,"showImageEffects":true,"showParticleSystems":true,"showVisualEffectGraphs":true,"m_FxEnabled":true},"in2DMode":false,"pivot":{"x":-3.5299999713897707,"y":4.789999961853027,"z":1.1920928955078126e-7},"rotation":{"x":-0.24712885916233064,"y":0.20650804042816163,"z":-0.054617468267679217,"w":-0.9454789757728577},"size":2.2085108757019045,"orthographic":false}